{
  "integration": {
    "n_runs": 10,
    "precept": {
      "first_try_success": {
        "mean": 0.8,
        "std": 0.17212183669327571,
        "ci_95": 0.12312854454993205,
        "n": 10
      },
      "success_rate": {
        "mean": 0.8333200000000002,
        "std": 0.15713091357209122,
        "ci_95": 0.11240468416805242,
        "n": 10
      },
      "avg_steps": {
        "mean": 2.718,
        "std": 0.6479163183278807,
        "ci_95": 0.4634914128183891,
        "n": 10
      }
    },
    "full_reflexion": {
      "first_try_success": {
        "mean": 0.36665,
        "std": 0.10540925797417733,
        "ci_95": 0.07540524064693425,
        "n": 10
      },
      "success_rate": {
        "mean": 0.4166499999999999,
        "std": 0.08785861432501148,
        "ci_95": 0.06285026650796306,
        "n": 10
      },
      "avg_steps": {
        "mean": 7.831,
        "std": 0.8039271664080577,
        "ci_95": 0.5750948504016415,
        "n": 10
      }
    },
    "expel": {
      "first_try_success": {
        "mean": 0.43332999999999994,
        "std": 0.11653219917449617,
        "ci_95": 0.08336211344948456,
        "n": 10
      },
      "success_rate": {
        "mean": 0.46665999999999996,
        "std": 0.07028689146000919,
        "ci_95": 0.05028021320637045,
        "n": 10
      },
      "avg_steps": {
        "mean": 6.433,
        "std": 0.7374136484286745,
        "ci_95": 0.5275139459735101,
        "n": 10
      }
    },
    "statistical_tests": {
      "precept_vs_fr": {
        "first_try_success": {
          "t_stat": 6.091308025663093,
          "p_value": 0.00018114580651120365,
          "cohens_d": 1.9262407290758756
        },
        "success_rate": {
          "t_stat": 6.70820390158846,
          "p_value": 8.77139744346859e-05,
          "cohens_d": 2.121320333784755
        },
        "avg_steps": {
          "t_stat": -14.43801845281488,
          "p_value": 1.5710265209085882e-07,
          "cohens_d": -4.565702321043533
        }
      },
      "precept_vs_expel": {
        "first_try_success": {
          "t_stat": 7.571425565389069,
          "p_value": 3.427036694610125e-05,
          "cohens_d": 2.3942949921057592
        },
        "success_rate": {
          "t_stat": 8.81996446232553,
          "p_value": 1.0069699830991898e-05,
          "cohens_d": 2.789117658269103
        },
        "avg_steps": {
          "t_stat": -18.156547506762976,
          "p_value": 2.126710441907994e-08,
          "cohens_d": -5.7416044566422455
        }
      },
      "first_try_success": {
        "t_stat": 6.091308025663093,
        "p_value": 0.00018114580651120365,
        "cohens_d": 1.9262407290758756
      },
      "success_rate": {
        "t_stat": 6.70820390158846,
        "p_value": 8.77139744346859e-05,
        "cohens_d": 2.121320333784755
      },
      "avg_steps": {
        "t_stat": -14.43801845281488,
        "p_value": 1.5710265209085882e-07,
        "cohens_d": -4.565702321043533
      }
    },
    "advantage": {
      "vs_fr_first_try_pp": 43.33500000000001,
      "vs_fr_success_pp": 41.66700000000002,
      "vs_fr_steps_saved": 5.113,
      "vs_expel_first_try_pp": 36.66700000000001,
      "vs_expel_success_pp": 36.66600000000002,
      "vs_expel_steps_saved": 3.715,
      "first_try_success_pp": 43.33500000000001,
      "success_rate_pp": 41.66700000000002,
      "steps_saved": 5.113
    }
  }
}