{
  "finance": {
    "n_runs": 10,
    "precept": {
      "first_try_success": {
        "mean": 0.85,
        "std": 0.18341075940812926,
        "ci_95": 0.13120415337517116,
        "n": 10
      },
      "success_rate": {
        "mean": 0.9666599999999999,
        "std": 0.07028689146000916,
        "ci_95": 0.05028021320637043,
        "n": 10
      },
      "avg_steps": {
        "mean": 2.367,
        "std": 0.6227011054002286,
        "ci_95": 0.44545353611462674,
        "n": 10
      }
    },
    "full_reflexion": {
      "first_try_success": {
        "mean": 0.7,
        "std": 0.23307393199965065,
        "ci_95": 0.16673104686180684,
        "n": 10
      },
      "success_rate": {
        "mean": 0.9833299999999999,
        "std": 0.05271516859500686,
        "ci_95": 0.03771015990477782,
        "n": 10
      },
      "avg_steps": {
        "mean": 4.101000000000001,
        "std": 1.177685583393689,
        "ci_95": 0.8424655151635825,
        "n": 10
      }
    },
    "expel": {
      "first_try_success": {
        "mean": 1.0,
        "std": 0.0,
        "ci_95": 0.0,
        "n": 10
      },
      "success_rate": {
        "mean": 1.0,
        "std": 0.0,
        "ci_95": 0.0,
        "n": 10
      },
      "avg_steps": {
        "mean": 2.0,
        "std": 0.0,
        "ci_95": 0.0,
        "n": 10
      }
    },
    "statistical_tests": {
      "precept_vs_fr": {
        "first_try_success": {
          "t_stat": 1.8677005304373628,
          "p_value": 0.09464492154216114,
          "cohens_d": 0.5906187663286705
        },
        "success_rate": {
          "t_stat": -0.5570860145311557,
          "p_value": 0.5910512317836045,
          "cohens_d": -0.17616606585441108
        },
        "avg_steps": {
          "t_stat": -4.375317135760989,
          "p_value": 0.0017832314079876189,
          "cohens_d": -1.3835967634568875
        }
      },
      "precept_vs_expel": {
        "first_try_success": {
          "t_stat": -2.586225860227439,
          "p_value": 0.029394885081491354,
          "cohens_d": -0.8178364261946979
        },
        "success_rate": {
          "t_stat": -1.4999999999999998,
          "p_value": 0.16785065605707492,
          "cohens_d": -0.47434164902525683
        },
        "avg_steps": {
          "t_stat": 1.8637447263496847,
          "p_value": 0.09524349229081201,
          "cohens_d": 0.5893678312392238
        }
      },
      "first_try_success": {
        "t_stat": 1.8677005304373628,
        "p_value": 0.09464492154216114,
        "cohens_d": 0.5906187663286705
      },
      "success_rate": {
        "t_stat": -0.5570860145311557,
        "p_value": 0.5910512317836045,
        "cohens_d": -0.17616606585441108
      },
      "avg_steps": {
        "t_stat": -4.375317135760989,
        "p_value": 0.0017832314079876189,
        "cohens_d": -1.3835967634568875
      }
    },
    "advantage": {
      "vs_fr_first_try_pp": 15.000000000000002,
      "vs_fr_success_pp": -1.6670000000000074,
      "vs_fr_steps_saved": 1.7340000000000009,
      "vs_expel_first_try_pp": -15.000000000000002,
      "vs_expel_success_pp": -3.3340000000000147,
      "vs_expel_steps_saved": -0.367,
      "first_try_success_pp": 15.000000000000002,
      "success_rate_pp": -1.6670000000000074,
      "steps_saved": 1.7340000000000009
    }
  },
  "logistics": {
    "n_runs": 10,
    "precept": {
      "first_try_success": {
        "mean": 0.95,
        "std": 0.15811388300841897,
        "ci_95": 0.11310785814270496,
        "n": 10
      },
      "success_rate": {
        "mean": 1.0,
        "std": 0.0,
        "ci_95": 0.0,
        "n": 10
      },
      "avg_steps": {
        "mean": 2.1,
        "std": 0.31622776601683794,
        "ci_95": 0.22621571628540993,
        "n": 10
      }
    },
    "full_reflexion": {
      "first_try_success": {
        "mean": 0.575,
        "std": 0.20581815058714115,
        "ci_95": 0.14723343540025952,
        "n": 10
      },
      "success_rate": {
        "mean": 0.8,
        "std": 0.15811388300841897,
        "ci_95": 0.11310785814270496,
        "n": 10
      },
      "avg_steps": {
        "mean": 5.25,
        "std": 1.0606601717798212,
        "ci_95": 0.758750578789474,
        "n": 10
      }
    },
    "expel": {
      "first_try_success": {
        "mean": 0.9,
        "std": 0.12909944487358058,
        "ci_95": 0.09235217944957687,
        "n": 10
      },
      "success_rate": {
        "mean": 0.975,
        "std": 0.07905694150420949,
        "ci_95": 0.05655392907135248,
        "n": 10
      },
      "avg_steps": {
        "mean": 2.45,
        "std": 0.7245688373094719,
        "ci_95": 0.5183253216332727,
        "n": 10
      }
    },
    "statistical_tests": {
      "precept_vs_fr": {
        "first_try_success": {
          "t_stat": 6.708203932499369,
          "p_value": 8.771397134967767e-05,
          "cohens_d": 2.1213203435596424
        },
        "success_rate": {
          "t_stat": 4.0,
          "p_value": 0.0031104283103858535,
          "cohens_d": 1.2649110640673518
        },
        "avg_steps": {
          "t_stat": -8.802607580536561,
          "p_value": 1.023264069320156e-05,
          "cohens_d": -2.7836289303159596
        }
      },
      "precept_vs_expel": {
        "first_try_success": {
          "t_stat": 0.6882472016116853,
          "p_value": 0.5086464915963445,
          "cohens_d": 0.2176428750330035
        },
        "success_rate": {
          "t_stat": 1.0,
          "p_value": 0.34343639613791355,
          "cohens_d": 0.31622776601683794
        },
        "avg_steps": {
          "t_stat": -1.299867367239363,
          "p_value": 0.22594991490108768,
          "cohens_d": -0.41105415366029247
        }
      },
      "first_try_success": {
        "t_stat": 6.708203932499369,
        "p_value": 8.771397134967767e-05,
        "cohens_d": 2.1213203435596424
      },
      "success_rate": {
        "t_stat": 4.0,
        "p_value": 0.0031104283103858535,
        "cohens_d": 1.2649110640673518
      },
      "avg_steps": {
        "t_stat": -8.802607580536561,
        "p_value": 1.023264069320156e-05,
        "cohens_d": -2.7836289303159596
      }
    },
    "advantage": {
      "vs_fr_first_try_pp": 37.5,
      "vs_fr_success_pp": 19.999999999999996,
      "vs_fr_steps_saved": 3.15,
      "vs_expel_first_try_pp": 4.999999999999993,
      "vs_expel_success_pp": 2.500000000000002,
      "vs_expel_steps_saved": 0.3500000000000001,
      "first_try_success_pp": 37.5,
      "success_rate_pp": 19.999999999999996,
      "steps_saved": 3.15
    }
  },
  "coding": {
    "n_runs": 7,
    "precept": {
      "first_try_success": {
        "mean": 0.7428571428571429,
        "std": 0.1511857892036909,
        "ci_95": 0.13982353435114112,
        "n": 7
      },
      "success_rate": {
        "mean": 0.9714285714285714,
        "std": 0.07559289460184543,
        "ci_95": 0.06991176717557053,
        "n": 7
      },
      "avg_steps": {
        "mean": 2.6571428571428575,
        "std": 0.4117326918327103,
        "ci_95": 0.38078922948502425,
        "n": 7
      }
    },
    "full_reflexion": {
      "first_try_success": {
        "mean": 0.9714285714285714,
        "std": 0.07559289460184543,
        "ci_95": 0.06991176717557053,
        "n": 7
      },
      "success_rate": {
        "mean": 1.0,
        "std": 0.0,
        "ci_95": 0.0,
        "n": 7
      },
      "avg_steps": {
        "mean": 3.057142857142857,
        "std": 0.15118578920369088,
        "ci_95": 0.1398235343511411,
        "n": 7
      }
    },
    "expel": {
      "first_try_success": {
        "mean": 1.0,
        "std": 0.0,
        "ci_95": 0.0,
        "n": 7
      },
      "success_rate": {
        "mean": 1.0,
        "std": 0.0,
        "ci_95": 0.0,
        "n": 7
      },
      "avg_steps": {
        "mean": 2.0,
        "std": 0.0,
        "ci_95": 0.0,
        "n": 7
      }
    },