{
  "logistics_2way": {
    "config": {
      "name": "logistics_2way",
      "train_num_conditions": 1,
      "test_num_conditions": 2,
      "compositional_gap": 1
    },
    "n_runs": 10,
    "avg_atomic_precepts": 5.7,
    "precept": {
      "first_try_success": {
        "mean": 1.0,
        "std": 0.0,
        "ci_95": 0.0,
        "n": 10
      },
      "success_rate": {
        "mean": 1.0,
        "std": 0.0,
        "ci_95": 0.0,
        "n": 10
      },
      "avg_steps": {
        "mean": 2.0,
        "std": 0.0,
        "ci_95": 0.0,
        "n": 10
      }
    },
    "full_reflexion": {
      "first_try_success": {
        "mean": 0.57333,
        "std": 0.16168075574346435,
        "ci_95": 0.11565944518650119,
        "n": 10
      },
      "success_rate": {
        "mean": 0.9775,
        "std": 0.04779876799899995,
        "ci_95": 0.03419317878581908,
        "n": 10
      },
      "avg_steps": {
        "mean": 4.388,
        "std": 0.6303402961011528,
        "ci_95": 0.4509182839386948,
        "n": 10
      }
    },
    "expel": {
      "first_try_success": {
        "mean": 0.4774999999999999,
        "std": 0.20427718097395672,
        "ci_95": 0.14613109214554987,
        "n": 10
      },
      "success_rate": {
        "mean": 0.96,
        "std": 0.06992058987801009,
        "ci_95": 0.05001817684001294,
        "n": 10
      },
      "avg_steps": {
        "mean": 3.7479999999999998,
        "std": 1.0417058659291074,
        "ci_95": 0.7451914852009508,
        "n": 10
      }
    },
    "statistical_tests": {
      "precept_vs_fr": {
        "first_try_success": {
          "t_stat": 8.345142890133868,
          "p_value": 1.5770556736609518e-05,
          "cohens_d": 2.638965893238332
        },
        "success_rate": {
          "t_stat": 1.4885581853339223,
          "p_value": 0.17078261244619516,
          "cohens_d": 0.4707234295342245
        }
      },
      "precept_vs_expel": {
        "first_try_success": {
          "t_stat": 8.088471113416375,
          "p_value": 2.0270695947014198e-05,
          "cohens_d": 2.5577991506873867
        },
        "success_rate": {
          "t_stat": 1.8090680674665818,
          "p_value": 0.1038881310621017,
          "cohens_d": 0.5720775535473555
        }
      }
    },
    "advantage": {
      "vs_fr_first_try_pp": 42.667,
      "vs_fr_success_pp": 2.2499999999999964,
      "vs_expel_first_try_pp": 52.25000000000001,
      "vs_expel_success_pp": 4.0000000000000036
    }
  },
  "logistics_3way": {
    "config": {
      "name": "logistics_3way",
      "train_num_conditions": 1,
      "test_num_conditions": 3,
      "compositional_gap": 2
    },
    "n_runs": 10,
    "avg_atomic_precepts": 5.9,
    "precept": {
      "first_try_success": {
        "mean": 0.78,
        "std": 0.13165611772087668,
        "ci_95": 0.094181113027243,
        "n": 10
      },
      "success_rate": {
        "mean": 0.99,
        "std": 0.031622776601683784,
        "ci_95": 0.022621571628540983,
        "n": 10
      },
      "avg_steps": {
        "mean": 2.6399999999999997,
        "std": 0.4060651288757615,
        "ci_95": 0.29048149422232133,
        "n": 10
      }
    },
    "full_reflexion": {
      "first_try_success": {
        "mean": 0.43,
        "std": 0.1946506842754191,
        "ci_95": 0.13924471125177704,
        "n": 10
      },
      "success_rate": {
        "mean": 0.9700000000000001,
        "std": 0.04830458915396478,
        "ci_95": 0.03455502144221817,
        "n": 10
      },
      "avg_steps": {
        "mean": 5.0600000000000005,
        "std": 0.9094564921485312,
        "ci_95": 0.6505859823543823,
        "n": 10
      }
    },
    "expel": {
      "first_try_success": {
        "mean": 0.4,
        "std": 0.1414213562373095,
        "ci_95": 0.10116674383859656,
        "n": 10
      },
      "success_rate": {
        "mean": 0.93,
        "std": 0.08232726023485644,
        "ci_95": 0.0588933741601038,
        "n": 10
      },
      "avg_steps": {
        "mean": 4.340000000000001,
        "std": 0.7486283753935892,
        "ci_95": 0.5355364783566355,
        "n": 10
      }
    },
    "statistical_tests": {
      "precept_vs_fr": {
        "first_try_success": {
          "t_stat": 4.134370962530328,
          "p_value": 0.0025428701334333976,
          "cohens_d": 1.3074028933658497
        },
        "success_rate": {
          "t_stat": 1.0,
          "p_value": 0.34343639613791355,
          "cohens_d": 0.316227766016838
        }
      },
      "precept_vs_expel": {
        "first_try_success": {
          "t_stat": 7.125,
          "p_value": 5.514403607853416e-05,
          "cohens_d": 2.25312283286997
        },
        "success_rate": {
          "t_stat": 1.9639610121239315,
          "p_value": 0.0811261888458405,
          "cohens_d": 0.6210590034081188
        }
      }
    },
    "advantage": {
      "vs_fr_first_try_pp": 35.0,
      "vs_fr_success_pp": 1.9999999999999907,
      "vs_expel_first_try_pp": 38.0,
      "vs_expel_success_pp": 5.999999999999995
    }
  },
  "integration_2way": {
    "config": {
      "name": "integration_2way",
      "train_num_conditions": 1,
      "test_num_conditions": 2,
      "compositional_gap": 1
    },
    "n_runs": 10,
    "avg_atomic_precepts": 3.4,
    "precept": {
      "first_try_success": {
        "mean": 0.41667000000000004,
        "std": 0.466470196856729,
        "ci_95": 0.33369267675920156,
        "n": 10
      },
      "success_rate": {
        "mean": 0.53334,
        "std": 0.4567715480534127,
        "ci_95": 0.32675468135899366,
        "n": 10
      },
      "avg_steps": {
        "mean": 4.066,
        "std": 1.7053588739291472,
        "ci_95": 1.2199402476537144,
        "n": 10
      }
    },
    "full_reflexion": {
      "first_try_success": {
        "mean": 0.18096,
        "std": 0.22870264148501265,
        "ci_95": 0.16360401400407923,
        "n": 10
      },
      "success_rate": {
        "mean": 0.3238,
        "std": 0.23575206844856691,
        "ci_95": 0.16864687026571817,
        "n": 10
      },
      "avg_steps": {
        "mean": 9.019,
        "std": 1.7128562889707548,
        "ci_95": 1.225303575280789,
        "n": 10
      }
    },
    "expel": {
      "first_try_success": {
        "mean": 0.11191,
        "std": 0.17060799414642525,
        "ci_95": 0.12204560682946358,
        "n": 10
      },
      "success_rate": {
        "mean": 0.42379999999999995,
        "std": 0.28917725052676985,
        "ci_95": 0.20686494321904514,
        "n": 10
      },
      "avg_steps": {
        "mean": 7.786,
        "std": 1.635014101196412,
        "ci_95": 1.169618628679172,
        "n": 10
      }
    },
    "statistical_tests": {
      "precept_vs_fr": {
        "first_try_success": {
          "t_stat": 2.6448337166122413,
          "p_value": 0.026701361219797777,
          "cohens_d": 0.8363698576902996
        },
        "success_rate": {
          "t_stat": 1.491506921920874,
          "p_value": 0.17002272879824876,
          "cohens_d": 0.4716559019176883
        }
      },
      "precept_vs_expel": {
        "first_try_success": {
          "t_stat": 2.0807986330899437,
          "p_value": 0.06717815567718186,
          "cohens_d": 0.658006303272923
        },
        "success_rate": {
          "t_stat": 0.9928962346063539,
          "p_value": 0.3467033462032739,
          "cohens_d": 0.3139813581560975
        }
      }
    },
    "advantage": {
      "vs_fr_first_try_pp": 23.571,
      "vs_fr_success_pp": 20.954000000000008,
      "vs_expel_first_try_pp": 30.476000000000003,
      "vs_expel_success_pp": 10.954000000000008
    }
  },
  "integration_3way": {
    "config": {
      "name": "integration_3way",
      "train_num_conditions": 1,
      "test_num_conditions": 3,
      "compositional_gap": 2
    },
    "n_runs": 10,
    "avg_atomic_precepts": 4.3,
    "precept": {
      "first_try_success": {
        "mean": 0.49000000000000005,