{
  "precept": {
    "count": 10,
    "pt_curve": [
      1.0,
      1.0,
      0.6666666666666666,
      0.75,
      0.6,
      0.6666666666666666,
      0.7142857142857143,
      0.75,
      0.6666666666666666,
      0.7
    ],
    "p1_curve": [
      1.0,
      0.5,
      0.3333333333333333,
      0.5,
      0.4,
      0.5,
      0.5714285714285714,
      0.625,
      0.5555555555555556,
      0.6
    ]
  },
  "full_reflexion": {
    "count": 10,
    "pt_curve": [
      1.0,
      1.0,
      0.6666666666666666,
      0.5,
      0.4,
      0.3333333333333333,
      0.2857142857142857,
      0.25,
      0.2222222222222222,
      0.3
    ],
    "p1_curve": [
      0.0,
      0.0,
      0.0,
      0.0,
      0.0,
      0.0,
      0.0,
      0.0,
      0.0,
      0.1
    ]
  },
  "expel": {
    "count": 10,
    "pt_curve": [
      1.0,
      1.0,
      0.6666666666666666,
      0.5,
      0.4,
      0.5,
      0.5714285714285714,
      0.5,
      0.4444444444444444,
      0.5
    ],
    "p1_curve": [
      0.0,
      0.5,
      0.3333333333333333,
      0.25,
      0.2,
      0.16666666666666666,
      0.14285714285714285,
      0.125,
      0.1111111111111111,
      0.1
    ]
  }
}