{
  "precept": {
    "count": 3,
    "pt_curve": [
      1.0,
      1.0,
      1.0
    ],
    "p1_curve": [
      1.0,
      1.0,
      0.6666666666666666
    ]
  },
  "full_reflexion": {
    "count": 3,
    "pt_curve": [
      1.0,
      0.5,
      0.6666666666666666
    ],
    "p1_curve": [
      1.0,
      0.5,
      0.3333333333333333
    ]
  },
  "expel": {
    "count": 3,
    "pt_curve": [
      1.0,
      0.5,
      0.3333333333333333
    ],
    "p1_curve": [
      1.0,
      0.5,
      0.3333333333333333
    ]
  }
}