{
  "precept": {
    "count": 7,
    "pt_curve": [
      0.0,
      0.0,
      0.0,
      0.0,
      0.0,
      0.0,
      0.0
    ],
    "p1_curve": [
      0.0,
      0.0,
      0.0,
      0.0,
      0.0,
      0.0,
      0.0
    ]
  },
  "full_reflexion": {
    "count": 7,
    "pt_curve": [
      1.0,
      1.0,
      0.6666666666666666,
      0.5,
      0.4,
      0.5,
      0.5714285714285714
    ],
    "p1_curve": [
      0.0,
      0.5,
      0.3333333333333333,
      0.25,
      0.2,
      0.16666666666666666,
      0.14285714285714285
    ]
  },
  "expel": {
    "count": 7,
    "pt_curve": [
      1.0,
      1.0,
      0.6666666666666666,
      0.5,
      0.4,
      0.5,
      0.5714285714285714
    ],
    "p1_curve": [
      0.0,
      0.0,
      0.0,
      0.0,
      0.0,
      0.16666666666666666,
      0.2857142857142857
    ]
  }
}