{
  "precept": {
    "count": 6,
    "pt_curve": [
      0.0,
      0.5,
      0.3333333333333333,
      0.25,
      0.2,
      0.16666666666666666
    ],
    "p1_curve": [
      0.0,
      0.0,
      0.0,
      0.0,
      0.0,
      0.0
    ]
  },
  "full_reflexion": {
    "count": 6,
    "pt_curve": [
      1.0,
      0.5,
      0.3333333333333333,
      0.25,
      0.2,
      0.3333333333333333
    ],
    "p1_curve": [
      0.0,
      0.0,
      0.0,
      0.0,
      0.0,
      0.0
    ]
  },
  "expel": {
    "count": 6,
    "pt_curve": [
      1.0,
      0.5,
      0.3333333333333333,
      0.25,
      0.2,
      0.3333333333333333
    ],
    "p1_curve": [
      1.0,
      0.5,
      0.3333333333333333,
      0.25,
      0.2,
      0.16666666666666666
    ]
  }
}