{
  "precept": {
    "count": 10,
    "pt_curve": [
      1.0,
      1.0,
      1.0,
      1.0,
      1.0,
      1.0,
      1.0,
      1.0,
      1.0,
      1.0
    ],
    "p1_curve": [
      0.0,
      0.5,
      0.6666666666666666,
      0.75,
      0.8,
      0.8333333333333334,
      0.7142857142857143,
      0.75,
      0.7777777777777778,
      0.7
    ]
  },
  "full_reflexion": {
    "count": 10,
    "pt_curve": [
      1.0,
      1.0,
      1.0,
      1.0,
      1.0,
      1.0,
      1.0,
      1.0,
      1.0,
      1.0
    ],
    "p1_curve": [
      1.0,
      1.0,
      0.6666666666666666,
      0.75,
      0.8,
      0.6666666666666666,
      0.7142857142857143,
      0.75,
      0.7777777777777778,
      0.8
    ]
  },
  "expel": {
    "count": 10,
    "pt_curve": [
      0.0,
      0.5,
      0.6666666666666666,
      0.75,
      0.8,
      0.8333333333333334,
      0.8571428571428571,
      0.875,
      0.8888888888888888,
      0.9
    ],
    "p1_curve": [
      0.0,
      0.5,
      0.3333333333333333,
      0.5,
      0.4,
      0.5,
      0.42857142857142855,
      0.5,
      0.5555555555555556,
      0.5
    ]
  }
}