{
  "precept": {
    "count": 10,
    "pt_curve": [
      1.0,
      1.0,
      1.0,
      1.0,
      1.0,
      1.0,
      1.0,
      1.0,
      1.0,
      1.0
    ],
    "p1_curve": [
      1.0,
      0.5,
      0.6666666666666666,
      0.75,
      0.8,
      0.8333333333333334,
      0.8571428571428571,
      0.875,
      0.8888888888888888,
      0.9
    ]
  },
  "full_reflexion": {
    "count": 10,
    "pt_curve": [
      1.0,
      1.0,
      1.0,
      1.0,
      1.0,
      1.0,
      1.0,
      1.0,
      1.0,
      1.0
    ],
    "p1_curve": [
      0.0,
      0.0,
      0.0,
      0.0,
      0.2,
      0.3333333333333333,
      0.42857142857142855,
      0.5,
      0.4444444444444444,
      0.5
    ]
  },
  "expel": {
    "count": 10,
    "pt_curve": [
      1.0,
      1.0,
      0.6666666666666666,
      0.75,
      0.8,
      0.8333333333333334,
      0.8571428571428571,
      0.875,
      0.8888888888888888,
      0.9
    ],
    "p1_curve": [
      0.0,
      0.0,
      0.0,
      0.0,
      0.0,
      0.16666666666666666,
      0.14285714285714285,
      0.25,
      0.2222222222222222,
      0.2
    ]
  }
}