{
  "precept": {
    "count": 10,
    "pt_curve": [
      1.0,
      1.0,
      1.0,
      1.0,
      1.0,
      1.0,
      1.0,
      1.0,
      1.0,
      1.0
    ],
    "p1_curve": [
      0.0,
      0.5,
      0.3333333333333333,
      0.5,
      0.6,
      0.5,
      0.5714285714285714,
      0.625,
      0.6666666666666666,
      0.7
    ]
  },
  "full_reflexion": {
    "count": 10,
    "pt_curve": [
      1.0,
      1.0,
      1.0,
      1.0,
      1.0,
      1.0,
      1.0,
      1.0,
      1.0,
      1.0
    ],
    "p1_curve": [
      1.0,
      0.5,
      0.3333333333333333,
      0.5,
      0.4,
      0.3333333333333333,
      0.2857142857142857,
      0.25,
      0.3333333333333333,
      0.3
    ]
  },
  "expel": {
    "count": 10,
    "pt_curve": [
      1.0,
      1.0,
      1.0,
      1.0,
      1.0,
      1.0,
      1.0,
      1.0,
      0.8888888888888888,
      0.8
    ],
    "p1_curve": [
      1.0,
      0.5,
      0.6666666666666666,
      0.75,
      0.6,
      0.5,
      0.42857142857142855,
      0.375,
      0.3333333333333333,
      0.3
    ]
  }
}