{
  "precept": {
    "count": 6,
    "pt_curve": [
      1.0,
      1.0,
      1.0,
      1.0,
      1.0,
      1.0
    ],
    "p1_curve": [
      1.0,
      1.0,
      1.0,
      1.0,
      1.0,
      1.0
    ]
  },
  "full_reflexion": {
    "count": 6,
    "pt_curve": [
      1.0,
      1.0,
      1.0,
      1.0,
      1.0,
      1.0
    ],
    "p1_curve": [
      0.0,
      0.5,
      0.6666666666666666,
      0.5,
      0.4,
      0.3333333333333333
    ]
  },
  "expel": {
    "count": 6,
    "pt_curve": [
      1.0,
      1.0,
      1.0,
      1.0,
      1.0,
      1.0
    ],
    "p1_curve": [
      0.0,
      0.0,
      0.0,
      0.25,
      0.4,
      0.5
    ]
  }
}