{
  "precept": {
    "count": 9,
    "pt_curve": [
      1.0,
      1.0,
      1.0,
      1.0,
      1.0,
      1.0,
      1.0,
      1.0,
      1.0
    ],
    "p1_curve": [
      1.0,
      1.0,
      1.0,
      1.0,
      1.0,
      1.0,
      1.0,
      1.0,
      1.0
    ]
  },
  "full_reflexion": {
    "count": 9,
    "pt_curve": [
      1.0,
      1.0,
      1.0,
      1.0,
      1.0,
      1.0,
      1.0,
      1.0,
      1.0
    ],
    "p1_curve": [
      0.0,
      0.5,
      0.6666666666666666,
      0.75,
      0.8,
      0.8333333333333334,
      0.7142857142857143,
      0.75,
      0.7777777777777778
    ]
  },
  "expel": {
    "count": 9,
    "pt_curve": [
      1.0,
      1.0,
      1.0,
      1.0,
      1.0,
      1.0,
      1.0,
      1.0,
      0.8888888888888888
    ],
    "p1_curve": [
      0.0,
      0.5,
      0.3333333333333333,
      0.25,
      0.2,
      0.3333333333333333,
      0.2857142857142857,
      0.25,
      0.2222222222222222
    ]
  }
}