{
  "precept": {
    "count": 9,
    "pt_curve": [
      1.0,
      1.0,
      1.0,
      1.0,
      1.0,
      1.0,
      1.0,
      1.0,
      1.0
    ],
    "p1_curve": [
      1.0,
      1.0,
      1.0,
      1.0,
      1.0,
      1.0,
      1.0,
      1.0,
      1.0
    ]
  },
  "full_reflexion": {
    "count": 9,
    "pt_curve": [
      1.0,
      1.0,
      1.0,
      1.0,
      1.0,
      1.0,
      1.0,
      1.0,
      1.0
    ],
    "p1_curve": [
      0.0,
      0.5,
      0.3333333333333333,
      0.25,
      0.4,
      0.5,
      0.5714285714285714,
      0.625,
      0.6666666666666666
    ]
  },
  "expel": {
    "count": 9,
    "pt_curve": [
      1.0,
      1.0,
      1.0,
      1.0,
      1.0,
      0.8333333333333334,
      0.8571428571428571,
      0.875,
      0.8888888888888888
    ],
    "p1_curve": [
      0.0,
      0.0,
      0.0,
      0.0,
      0.2,
      0.16666666666666666,
      0.14285714285714285,
      0.25,
      0.2222222222222222
    ]
  }
}