{
  "precept": {
    "count": 7,
    "pt_curve": [
      1.0,
      1.0,
      1.0,
      1.0,
      1.0,
      1.0,
      1.0
    ],
    "p1_curve": [
      1.0,
      1.0,
      1.0,
      1.0,
      1.0,
      1.0,
      1.0
    ]
  },
  "full_reflexion": {
    "count": 7,
    "pt_curve": [
      1.0,
      1.0,
      1.0,
      1.0,
      1.0,
      1.0,
      1.0
    ],
    "p1_curve": [
      1.0,
      0.5,
      0.3333333333333333,
      0.5,
      0.6,
      0.6666666666666666,
      0.5714285714285714
    ]
  },
  "expel": {
    "count": 7,
    "pt_curve": [
      1.0,
      1.0,
      1.0,
      1.0,
      1.0,
      1.0,
      1.0
    ],
    "p1_curve": [
      1.0,
      0.5,
      0.3333333333333333,
      0.25,
      0.4,
      0.5,
      0.42857142857142855
    ]
  }
}