{
  "precept": {
    "count": 9,
    "pt_curve": [
      1.0,
      1.0,
      1.0,
      1.0,
      1.0,
      1.0,
      1.0,
      1.0,
      1.0
    ],
    "p1_curve": [
      1.0,
      1.0,
      1.0,
      1.0,
      1.0,
      1.0,
      1.0,
      1.0,
      1.0
    ]
  },
  "full_reflexion": {
    "count": 9,
    "pt_curve": [
      1.0,
      1.0,
      1.0,
      1.0,
      1.0,
      1.0,
      1.0,
      1.0,
      1.0
    ],
    "p1_curve": [
      0.0,
      0.5,
      0.6666666666666666,
      0.75,
      0.8,
      0.8333333333333334,
      0.7142857142857143,
      0.75,
      0.7777777777777778
    ]
  },
  "expel": {
    "count": 9,
    "pt_curve": [
      1.0,
      1.0,
      1.0,
      1.0,
      1.0,
      1.0,
      1.0,
      1.0,
      1.0
    ],
    "p1_curve": [
      1.0,
      0.5,
      0.6666666666666666,
      0.75,
      0.8,
      0.6666666666666666,
      0.5714285714285714,
      0.5,
      0.5555555555555556
    ]
  }
}