{
  "precept": {
    "count": 9,
    "pt_curve": [
      1.0,
      1.0,
      1.0,
      1.0,
      1.0,
      1.0,
      1.0,
      1.0,
      1.0
    ],
    "p1_curve": [
      1.0,
      1.0,
      1.0,
      1.0,
      1.0,
      1.0,
      1.0,
      1.0,
      1.0
    ]
  },
  "full_reflexion": {
    "count": 9,
    "pt_curve": [
      1.0,
      1.0,
      1.0,
      1.0,
      1.0,
      1.0,
      1.0,
      1.0,
      1.0
    ],
    "p1_curve": [
      0.0,
      0.0,
      0.3333333333333333,
      0.25,
      0.4,
      0.5,
      0.42857142857142855,
      0.5,
      0.4444444444444444
    ]
  },
  "expel": {
    "count": 9,
    "pt_curve": [
      1.0,
      1.0,
      1.0,
      1.0,
      1.0,
      1.0,
      1.0,
      1.0,
      1.0
    ],
    "p1_curve": [
      1.0,
      0.5,
      0.3333333333333333,
      0.25,
      0.2,
      0.16666666666666666,
      0.14285714285714285,
      0.125,
      0.1111111111111111
    ]
  }
}