{
  "precept": {
    "count": 6,
    "pt_curve": [
      1.0,
      1.0,
      1.0,
      1.0,
      1.0,
      1.0
    ],
    "p1_curve": [
      1.0,
      1.0,
      1.0,
      1.0,
      1.0,
      1.0
    ]
  },
  "full_reflexion": {
    "count": 6,
    "pt_curve": [
      1.0,
      0.5,
      0.6666666666666666,
      0.75,
      0.8,
      0.8333333333333334
    ],
    "p1_curve": [
      1.0,
      0.5,
      0.6666666666666666,
      0.5,
      0.6,
      0.6666666666666666
    ]
  },
  "expel": {
    "count": 6,
    "pt_curve": [
      1.0,
      1.0,
      1.0,
      1.0,
      1.0,
      1.0
    ],
    "p1_curve": [
      1.0,
      1.0,
      1.0,
      1.0,
      0.8,
      0.8333333333333334
    ]
  }
}