{
  "precept": {
    "count": 10,
    "pt_curve": [
      1.0,
      1.0,
      1.0,
      1.0,
      1.0,
      1.0,
      1.0,
      1.0,
      1.0,
      1.0
    ],
    "p1_curve": [
      0.0,
      0.5,
      0.6666666666666666,
      0.75,
      0.8,
      0.6666666666666666,
      0.7142857142857143,
      0.75,
      0.7777777777777778,
      0.8
    ]
  },
  "full_reflexion": {
    "count": 10,
    "pt_curve": [
      1.0,
      1.0,
      1.0,
      1.0,
      1.0,
      1.0,
      1.0,
      1.0,
      1.0,
      1.0
    ],
    "p1_curve": [
      1.0,
      1.0,
      0.6666666666666666,
      0.75,
      0.6,
      0.5,
      0.42857142857142855,
      0.375,
      0.3333333333333333,
      0.4
    ]
  },
  "expel": {
    "count": 10,
    "pt_curve": [
      1.0,
      1.0,
      1.0,
      1.0,
      1.0,
      1.0,
      1.0,
      1.0,
      1.0,
      1.0
    ],
    "p1_curve": [
      1.0,
      0.5,
      0.3333333333333333,
      0.25,
      0.2,
      0.16666666666666666,
      0.14285714285714285,
      0.25,
      0.3333333333333333,
      0.3
    ]
  }
}