{
  "precept": {
    "count": 9,
    "pt_curve": [
      1.0,
      1.0,
      1.0,
      1.0,
      1.0,
      1.0,
      1.0,
      1.0,
      1.0
    ],
    "p1_curve": [
      1.0,
      1.0,
      1.0,
      1.0,
      1.0,
      1.0,
      1.0,
      1.0,
      1.0
    ]
  },
  "full_reflexion": {
    "count": 9,
    "pt_curve": [
      1.0,
      1.0,
      1.0,
      0.75,
      0.8,
      0.8333333333333334,
      0.8571428571428571,
      0.875,
      0.8888888888888888
    ],
    "p1_curve": [
      1.0,
      1.0,
      1.0,
      0.75,
      0.8,
      0.6666666666666666,
      0.5714285714285714,
      0.5,
      0.4444444444444444
    ]
  },
  "expel": {
    "count": 9,
    "pt_curve": [
      1.0,
      1.0,
      1.0,
      1.0,
      1.0,
      1.0,
      1.0,
      1.0,
      1.0
    ],
    "p1_curve": [
      1.0,
      1.0,
      1.0,
      0.75,
      0.8,
      0.8333333333333334,
      0.8571428571428571,
      0.75,
      0.6666666666666666
    ]
  }
}