{
  "precept": {
    "count": 5,
    "pt_curve": [
      1.0,
      1.0,
      1.0,
      1.0,
      1.0
    ],
    "p1_curve": [
      0.0,
      0.5,
      0.6666666666666666,
      0.75,
      0.8
    ]
  },
  "full_reflexion": {
    "count": 5,
    "pt_curve": [
      1.0,
      1.0,
      1.0,
      1.0,
      1.0
    ],
    "p1_curve": [
      0.0,
      0.0,
      0.3333333333333333,
      0.25,
      0.2
    ]
  },
  "expel": {
    "count": 5,
    "pt_curve": [
      1.0,
      1.0,
      1.0,
      1.0,
      1.0
    ],
    "p1_curve": [
      1.0,
      0.5,
      0.3333333333333333,
      0.25,
      0.4
    ]
  }
}