{
  "precept": {
    "count": 10,
    "pt_curve": [
      1.0,
      1.0,
      1.0,
      1.0,
      1.0,
      1.0,
      1.0,
      1.0,
      1.0,
      0.9
    ],
    "p1_curve": [
      1.0,
      0.5,
      0.6666666666666666,
      0.5,
      0.6,
      0.6666666666666666,
      0.5714285714285714,
      0.625,
      0.6666666666666666,
      0.6
    ]
  },
  "full_reflexion": {
    "count": 10,
    "pt_curve": [
      1.0,
      1.0,
      1.0,
      1.0,
      1.0,
      1.0,
      1.0,
      1.0,
      1.0,
      1.0
    ],
    "p1_curve": [
      0.0,
      0.0,
      0.3333333333333333,
      0.5,
      0.6,
      0.5,
      0.5714285714285714,
      0.625,
      0.6666666666666666,
      0.7
    ]
  },
  "expel": {
    "count": 10,
    "pt_curve": [
      1.0,
      1.0,
      1.0,
      1.0,
      1.0,
      1.0,
      1.0,
      1.0,
      1.0,
      1.0
    ],
    "p1_curve": [
      0.0,
      0.5,
      0.6666666666666666,
      0.5,
      0.6,
      0.5,
      0.42857142857142855,
      0.375,
      0.4444444444444444,
      0.5
    ]
  }
}