{
  "integration": {
    "n_runs": 10,
    "precept": {
      "first_try_success": {
        "mean": 0.8,
        "std": 0.17212183669327571,
        "ci_95": 0.12312854454993205,
        "n": 10
      },
      "success_rate": {
        "mean": 0.8333200000000002,
        "std": 0.15713091357209122,
        "ci_95": 0.11240468416805242,
        "n": 10
      },
      "avg_steps": {
        "mean": 2.718,
        "std": 0.6479163183278807,
        "ci_95": 0.4634914128183891,
        "n": 10
      }
    },
    "full_reflexion": {
      "first_try_success": {
        "mean": 0.36665,
        "std": 0.10540925797417733,
        "ci_95": 0.07540524064693425,
        "n": 10
      },
      "success_rate": {
        "mean": 0.4166499999999999,
        "std": 0.08785861432501148,
        "ci_95": 0.06285026650796306,
        "n": 10
      },
      "avg_steps": {
        "mean": 7.831,
        "std": 0.8039271664080577,
        "ci_95": 0.5750948504016415,
        "n": 10
      }
    },
    "expel": {
      "first_try_success": {
        "mean": 0.43332999999999994,
        "std": 0.11653219917449617,
        "ci_95": 0.08336211344948456,
        "n": 10
      },
      "success_rate": {
        "mean": 0.46665999999999996,
        "std": 0.07028689146000919,
        "ci_95": 0.05028021320637045,
        "n": 10
      },
      "avg_steps": {
        "mean": 6.433,
        "std": 0.7374136484286745,
        "ci_95": 0.5275139459735101,
        "n": 10
      }
    },
    "statistical_tests": {
      "precept_vs_fr": {
        "first_try_success": {
          "t_stat": 6.091308025663093,
          "p_value": 0.00018114580651120365,
          "cohens_d": 1.9262407290758756
        },
        "success_rate": {
          "t_stat": 6.70820390158846,
          "p_value": 8.77139744346859e-05,
          "cohens_d": 2.121320333784755
        },
        "avg_steps": {
          "t_stat": -14.43801845281488,
          "p_value": 1.5710265209085882e-07,
          "cohens_d": -4.565702321043533
        }
      },
      "precept_vs_expel": {
        "first_try_success": {
          "t_stat": 7.571425565389069,
          "p_value": 3.427036694610125e-05,
          "cohens_d": 2.3942949921057592
        },
        "success_rate": {
          "t_stat": 8.81996446232553,
          "p_value": 1.0069699830991898e-05,
          "cohens_d": 2.789117658269103
        },
        "avg_steps": {
          "t_stat": -18.156547506762976,
          "p_value": 2.126710441907994e-08,
          "cohens_d": -5.7416044566422455
        }
      },
      "first_try_success": {
        "t_stat": 6.091308025663093,
        "p_value": 0.00018114580651120365,
        "cohens_d": 1.9262407290758756
      },
      "success_rate": {
        "t_stat": 6.70820390158846,
        "p_value": 8.77139744346859e-05,
        "cohens_d": 2.121320333784755
      },
      "avg_steps": {
        "t_stat": -14.43801845281488,
        "p_value": 1.5710265209085882e-07,
        "cohens_d": -4.565702321043533
      }
    },
    "advantage": {
      "vs_fr_first_try_pp": 43.33500000000001,
      "vs_fr_success_pp": 41.66700000000002,
      "vs_fr_steps_saved": 5.113,
      "vs_expel_first_try_pp": 36.66700000000001,
      "vs_expel_success_pp": 36.66600000000002,
      "vs_expel_steps_saved": 3.715,
      "first_try_success_pp": 43.33500000000001,
      "success_rate_pp": 41.66700000000002,
      "steps_saved": 5.113
    }
  },
  "booking": {
    "n_runs": 10,
    "precept": {
      "first_try_success": {
        "mean": 0.9411900000000001,
        "std": 0.06791564130105329,
        "ci_95": 0.0485839230293354,
        "n": 10
      },
      "success_rate": {
        "mean": 0.99412,
        "std": 0.01859419264179006,
        "ci_95": 0.013301484117582096,
        "n": 10
      },
      "avg_steps": {
        "mean": 2.152,
        "std": 0.17427946905282146,
        "ci_95": 0.124672021758917,
        "n": 10
      }
    },
    "full_reflexion": {
      "first_try_success": {
        "mean": 0.51764,
        "std": 0.195684429630975,
        "ci_95": 0.1399842081309073,
        "n": 10
      },
      "success_rate": {
        "mean": 0.9470600000000001,
        "std": 0.13139531701447102,
        "ci_95": 0.09399454744082907,
        "n": 10
      },
      "avg_steps": {
        "mean": 4.6,
        "std": 1.208865400098603,
        "ci_95": 0.8647702123708934,
        "n": 10
      }
    },
    "expel": {
      "first_try_success": {
        "mean": 0.90001,
        "std": 0.09625989646091808,
        "ci_95": 0.06886018170304031,
        "n": 10
      },
      "success_rate": {
        "mean": 0.98824,
        "std": 0.02479225685572008,
        "ci_95": 0.017735312156776126,
        "n": 10
      },
      "avg_steps": {
        "mean": 2.401,
        "std": 0.4047893828208003,
        "ci_95": 0.28956888047161744,
        "n": 10
      }
    },
    "statistical_tests": {
      "precept_vs_fr": {
        "first_try_success": {
          "t_stat": 7.137366977891451,
          "p_value": 5.4406262095139734e-05,
          "cohens_d": 2.2570336146609633
        },
        "success_rate": {
          "t_stat": 1.1000185413903727,
          "p_value": 0.2998751037293482,
          "cohens_d": 0.3478564059209782
        },
        "avg_steps": {
          "t_stat": -6.4863368124903005,
          "p_value": 0.00011323713550220576,
          "cohens_d": -2.051159799846585
        }
      },
      "precept_vs_expel": {
        "first_try_success": {
          "t_stat": 1.0001156002274343,
          "p_value": 0.3433834240700861,
          "cohens_d": 0.3162643220185105
        },
        "success_rate": {
          "t_stat": 0.5570860145311556,
          "p_value": 0.5910512317836047,
          "cohens_d": 0.17616606585441105
        },
        "avg_steps": {
          "t_stat": -1.6827184068719518,
          "p_value": 0.12672173831451325,
          "cohens_d": -0.53212228264053
        }
      },
      "first_try_success": {
        "t_stat": 7.137366977891451,
        "p_value": 5.4406262095139734e-05,
        "cohens_d": 2.2570336146609633
      },
      "success_rate": {
        "t_stat": 1.1000185413903727,
        "p_value": 0.2998751037293482,
        "cohens_d": 0.3478564059209782
      },
      "avg_steps": {
        "t_stat": -6.4863368124903005,
        "p_value": 0.00011323713550220576,
        "cohens_d": -2.051159799846585
      }
    },
    "advantage": {
      "vs_fr_first_try_pp": 42.35500000000001,
      "vs_fr_success_pp": 4.705999999999988,
      "vs_fr_steps_saved": 2.4479999999999995,
      "vs_expel_first_try_pp": 4.118000000000011,
      "vs_expel_success_pp": 0.5879999999999996,
      "vs_expel_steps_saved": 0.24899999999999967,
      "first_try_success_pp": 42.35500000000001,
      "success_rate_pp": 4.705999999999988,
      "steps_saved": 2.4479999999999995
    }
  },
  "logistics": {
    "n_runs": 10,
    "precept": {
      "first_try_success": {
        "mean": 0.95,
        "std": 0.15811388300841897,
        "ci_95": 0.11310785814270496,
        "n": 10
      },
      "success_rate": {
        "mean": 1.0,
        "std": 0.0,
        "ci_95": 0.0,
        "n": 10
      },
      "avg_steps": {
        "mean": 2.1,
        "std": 0.31622776601683794,
        "ci_95": 0.22621571628540993,
        "n": 10
      }
    },
    "full_reflexion": {
      "first_try_success": {
        "mean": 0.575,
        "std": 0.20581815058714115,
        "ci_95": 0.14723343540025952,
        "n": 10
      },
      "success_rate": {
        "mean": 0.8,
        "std": 0.15811388300841897,
        "ci_95": 0.11310785814270496,
        "n": 10
      },
      "avg_steps": {
        "mean": 5.25,
        "std": 1.0606601717798212,
        "ci_95": 0.758750578789474,
        "n": 10
      }
    },
    "expel": {
      "first_try_success": {
        "mean": 0.9,
        "std": 0.12909944487358058,
        "ci_95": 0.09235217944957687,
        "n": 10
      },
      "success_rate": {
        "mean": 0.975,