{
  "experiment": "exp8_compass_ablation",
  "domain": "integration",
  "timestamp": "2026-02-28T18:49:29.342019",
  "config": {
    "E": 6,
    "N": 5,
    "beta": 3,
    "max_retries": 4,
    "test_mode": "matched"
  },
  "aggregated": {
    "full": {
      "label": "PRECEPT (full)",
      "n": 10,
      "p1": {
        "mean": 0.7666699999999999,
        "std": 0.11650995236459419,
        "ci_95": 0.08334619904038498
      },
      "pt": {
        "mean": 0.79999,
        "std": 0.10538817612363673,
        "ci_95": 0.07539015959955901
      },
      "steps": {
        "mean": 2.8169999999999993,
        "std": 0.4317162133727305,
        "ci_95": 0.3088311746633185
      },
      "compass_triggers_mean": 10.5
    },
    "no_compass": {
      "label": "PRECEPT (no COMPASS)",
      "n": 10,
      "p1": {
        "mean": 0.79999,
        "std": 0.10538817612363673,
        "ci_95": 0.07539015959955901
      },
      "pt": {
        "mean": 0.8499800000000001,
        "std": 0.09460509500021656,
        "ci_95": 0.0676764080500879
      },
      "steps": {
        "mean": 2.7350000000000003,
        "std": 0.44445347213053576,
        "ci_95": 0.31794286067907496
      },
      "compass_triggers_mean": 5.7
    },
    "no_rules": {
      "label": "PRECEPT (no rules in prompt)",
      "n": 10,
      "p1": {
        "mean": 0.88332,
        "std": 0.15811856873175198,
        "ci_95": 0.11311121010725077
      },
      "pt": {
        "mean": 0.93333,
        "std": 0.11653219917449617,
        "ci_95": 0.08336211344948456
      },
      "steps": {
        "mean": 2.3840000000000003,
        "std": 0.5344820961558123,
        "ci_95": 0.38234545861218433
      },
      "compass_triggers_mean": 11.5
    },
    "base_only": {
      "label": "PRECEPT (base prompt only)",
      "n": 10,
      "p1": {
        "mean": 0.8999799999999999,
        "std": 0.08608350984170349,
        "ci_95": 0.061580433256977825
      },
      "pt": {
        "mean": 0.8999799999999999,
        "std": 0.08608350984170349,
        "ci_95": 0.061580433256977825
      },
      "steps": {
        "mean": 2.3340000000000005,
        "std": 0.3605612908292354,
        "ci_95": 0.25793000942676386
      },
      "compass_triggers_mean": 1.0
    }
  },
  "comparisons": {
    "full_vs_no_compass": {
      "delta_pp": -3.3320000000000127,
      "t_stat": -0.8015259791660932,
      "p_value": 0.44347353524542665,
      "cohens_d": -0.2999414815574063,
      "n": 10
    },
    "full_vs_no_rules": {
      "delta_pp": -11.665000000000013,
      "t_stat": -2.089258850941305,
      "p_value": 0.06626294031339214,
      "cohens_d": -0.8399256780130915,
      "n": 10
    },
    "full_vs_base_only": {
      "delta_pp": -13.331000000000003,
      "t_stat": -3.2069629792265273,
      "p_value": 0.010710973425844839,
      "cohens_d": -1.3014391401672525,
      "n": 10
    }
  }
}