{
  "booking": {
    "n_runs": 10,
    "precept": {
      "first_try_success": {
        "mean": 0.9411900000000001,
        "std": 0.06791564130105329,
        "ci_95": 0.0485839230293354,
        "n": 10
      },
      "success_rate": {
        "mean": 0.99412,
        "std": 0.01859419264179006,
        "ci_95": 0.013301484117582096,
        "n": 10
      },
      "avg_steps": {
        "mean": 2.152,
        "std": 0.17427946905282146,
        "ci_95": 0.124672021758917,
        "n": 10
      }
    },
    "full_reflexion": {
      "first_try_success": {
        "mean": 0.51764,
        "std": 0.195684429630975,
        "ci_95": 0.1399842081309073,
        "n": 10
      },
      "success_rate": {
        "mean": 0.9470600000000001,
        "std": 0.13139531701447102,
        "ci_95": 0.09399454744082907,
        "n": 10
      },
      "avg_steps": {
        "mean": 4.6,
        "std": 1.208865400098603,
        "ci_95": 0.8647702123708934,
        "n": 10
      }
    },
    "expel": {
      "first_try_success": {
        "mean": 0.90001,
        "std": 0.09625989646091808,
        "ci_95": 0.06886018170304031,
        "n": 10
      },
      "success_rate": {
        "mean": 0.98824,
        "std": 0.02479225685572008,
        "ci_95": 0.017735312156776126,
        "n": 10
      },
      "avg_steps": {
        "mean": 2.401,
        "std": 0.4047893828208003,
        "ci_95": 0.28956888047161744,
        "n": 10
      }
    },
    "statistical_tests": {
      "precept_vs_fr": {
        "first_try_success": {
          "t_stat": 7.137366977891451,
          "p_value": 5.4406262095139734e-05,
          "cohens_d": 2.2570336146609633
        },
        "success_rate": {
          "t_stat": 1.1000185413903727,
          "p_value": 0.2998751037293482,
          "cohens_d": 0.3478564059209782
        },
        "avg_steps": {
          "t_stat": -6.4863368124903005,
          "p_value": 0.00011323713550220576,
          "cohens_d": -2.051159799846585
        }
      },
      "precept_vs_expel": {
        "first_try_success": {
          "t_stat": 1.0001156002274343,
          "p_value": 0.3433834240700861,
          "cohens_d": 0.3162643220185105
        },
        "success_rate": {
          "t_stat": 0.5570860145311556,
          "p_value": 0.5910512317836047,
          "cohens_d": 0.17616606585441105
        },
        "avg_steps": {
          "t_stat": -1.6827184068719518,
          "p_value": 0.12672173831451325,
          "cohens_d": -0.53212228264053
        }
      },
      "first_try_success": {
        "t_stat": 7.137366977891451,
        "p_value": 5.4406262095139734e-05,
        "cohens_d": 2.2570336146609633
      },
      "success_rate": {
        "t_stat": 1.1000185413903727,
        "p_value": 0.2998751037293482,
        "cohens_d": 0.3478564059209782
      },
      "avg_steps": {
        "t_stat": -6.4863368124903005,
        "p_value": 0.00011323713550220576,
        "cohens_d": -2.051159799846585
      }
    },
    "advantage": {
      "vs_fr_first_try_pp": 42.35500000000001,
      "vs_fr_success_pp": 4.705999999999988,
      "vs_fr_steps_saved": 2.4479999999999995,
      "vs_expel_first_try_pp": 4.118000000000011,
      "vs_expel_success_pp": 0.5879999999999996,
      "vs_expel_steps_saved": 0.24899999999999967,
      "first_try_success_pp": 42.35500000000001,
      "success_rate_pp": 4.705999999999988,
      "steps_saved": 2.4479999999999995
    }
  }
}