{
  "with_static_knowledge": {
    "static_knowledge": true,
    "n_runs": 10,
    "precept": {
      "first_try_success": {
        "mean": 0.7999999999999999,
        "std": 0.1314496608338467,
        "ci_95": 0.09403342266731726,
        "n": 10
      },
      "success_rate": {
        "mean": 0.81666,
        "std": 0.12296140496558713,
        "ci_95": 0.08796129021216172,
        "n": 10
      },
      "avg_steps": {
        "mean": 2.817,
        "std": 0.5454264386697807,
        "ci_95": 0.39017456961105335,
        "n": 10
      }
    },
    "full_reflexion": {
      "first_try_success": {
        "mean": 0.38332,
        "std": 0.11249252617149481,
        "ci_95": 0.0804723054688529,
        "n": 10
      },
      "success_rate": {
        "mean": 0.43333000000000005,
        "std": 0.11653219917449617,
        "ci_95": 0.08336211344948456,
        "n": 10
      },
      "avg_steps": {
        "mean": 7.732000000000001,
        "std": 0.9003184621750979,
        "ci_95": 0.6440490295057584,
        "n": 10
      }
    },
    "expel": {
      "first_try_success": {
        "mean": 0.46665999999999996,
        "std": 0.07028689146000919,
        "ci_95": 0.05028021320637045,
        "n": 10
      },
      "success_rate": {
        "mean": 0.4833299999999999,
        "std": 0.05271516859500689,
        "ci_95": 0.037710159904777836,
        "n": 10
      },
      "avg_steps": {
        "mean": 6.1659999999999995,
        "std": 0.42193206404191036,
        "ci_95": 0.3018320158702951,
        "n": 10
      }
    },
    "advantage": {
      "vs_fr_first_try_pp": 41.66799999999999,
      "vs_fr_success_pp": 38.333,
      "vs_expel_first_try_pp": 33.333999999999996,
      "vs_expel_success_pp": 33.33300000000001,
      "first_try_success_pp": 41.66799999999999,
      "success_rate_pp": 38.333
    }
  },
  "without_static_knowledge": {
    "static_knowledge": false,
    "n_runs": 10,
    "precept": {
      "first_try_success": {
        "mean": 0.84999,
        "std": 0.12296893419794197,
        "ci_95": 0.08796667630052354,
        "n": 10
      },
      "success_rate": {
        "mean": 0.88333,
        "std": 0.1372044544952289,
        "ci_95": 0.09815015405552494,
        "n": 10
      },
      "avg_steps": {
        "mean": 2.601,
        "std": 0.49106347179701054,
        "ci_95": 0.3512856458286019,
        "n": 10
      }
    },
    "full_reflexion": {
      "first_try_success": {
        "mean": 0.38333,
        "std": 0.1372044544952289,
        "ci_95": 0.09815015405552494,
        "n": 10
      },
      "success_rate": {
        "mean": 0.48333000000000004,
        "std": 0.05271516859500689,
        "ci_95": 0.037710159904777836,
        "n": 10
      },
      "avg_steps": {
        "mean": 7.5329999999999995,
        "std": 0.7719822968609232,
        "ci_95": 0.5522428673602023,
        "n": 10
      }
    },
    "expel": {
      "first_try_success": {
        "mean": 0.5,
        "std": 0.0,
        "ci_95": 0.0,
        "n": 10
      },
      "success_rate": {
        "mean": 0.5,
        "std": 0.0,
        "ci_95": 0.0,
        "n": 10
      },
      "avg_steps": {
        "mean": 6.0,
        "std": 0.0,
        "ci_95": 0.0,
        "n": 10
      }
    },
    "advantage": {
      "vs_fr_first_try_pp": 46.666000000000004,
      "vs_fr_success_pp": 39.99999999999999,
      "vs_expel_first_try_pp": 34.999,
      "vs_expel_success_pp": 38.333,
      "first_try_success_pp": 46.666000000000004,
      "success_rate_pp": 39.99999999999999
    }
  },
  "static_knowledge_effect": {
    "precept_p1_gain": -4.999000000000009,
    "precept_pt_gain": -6.666999999999989,
    "fr_p1_gain": -0.001000000000001,
    "fr_pt_gain": -4.999999999999999,
    "expel_p1_gain": -3.3340000000000036,
    "expel_pt_gain": -1.6670000000000074
  }
}